{
  "auc_roc": 0.9575706731747,
  "average_precision": 0.8422694867150841,
  "precision_at_top10": 0.8058252427184466,
  "lift_decile1": 6.263459841129745,
  "base_rate": 0.1286549707602339,
  "confusion_matrix": [
    [
      847,
      47
    ],
    [
      27,
      105
    ]
  ],
  "best_iteration": 229,
  "n_features": 82,
  "feature_cols_count": 82,
  "n_train": 2500,
  "n_val": 626,
  "n_test": 1026
}